-- phpMyAdmin SQL Dump
-- version 5.2.0
-- https://www.phpmyadmin.net/
--
-- Host: 127.0.0.1
-- Generation Time: Feb 23, 2024 at 09:15 PM
-- Server version: 10.4.27-MariaDB
-- PHP Version: 7.4.33

SET SQL_MODE = "NO_AUTO_VALUE_ON_ZERO";
START TRANSACTION;
SET time_zone = "+00:00";


/*!40101 SET @OLD_CHARACTER_SET_CLIENT=@@CHARACTER_SET_CLIENT */;
/*!40101 SET @OLD_CHARACTER_SET_RESULTS=@@CHARACTER_SET_RESULTS */;
/*!40101 SET @OLD_COLLATION_CONNECTION=@@COLLATION_CONNECTION */;
/*!40101 SET NAMES utf8mb4 */;

--
-- Database: `puntodeventadb`
--

-- --------------------------------------------------------

--
-- Table structure for table `articulo`
--

CREATE TABLE `articulo` (
  `idarticulo` int(11) NOT NULL,
  `idcategoria` int(11) NOT NULL,
  `codigo` varchar(50) DEFAULT NULL,
  `nombre` varchar(250) NOT NULL,
  `stock` int(11) NOT NULL,
  `descripcion` varchar(255) DEFAULT NULL,
  `unidadmedidaid` int(11) NOT NULL,
  `imagen` varchar(77) DEFAULT NULL,
  `condicion` tinyint(4) NOT NULL
) ENGINE=InnoDB DEFAULT CHARSET=utf8 COLLATE=utf8_spanish_ci;

-- --------------------------------------------------------

--
-- Table structure for table `categoria`
--

CREATE TABLE `categoria` (
  `idcategoria` int(11) NOT NULL,
  `nombre` varchar(55) NOT NULL,
  `descripcion` varchar(255) DEFAULT NULL,
  `condicion` tinyint(4) NOT NULL DEFAULT 1
) ENGINE=InnoDB DEFAULT CHARSET=utf8 COLLATE=utf8_spanish_ci;

--
-- Dumping data for table `categoria`
--

INSERT INTO `categoria` (`idcategoria`, `nombre`, `descripcion`, `condicion`) VALUES
(1, 'Frutos secos', '', 1);

-- --------------------------------------------------------

--
-- Table structure for table `contacto`
--

CREATE TABLE `contacto` (
  `idcontacto` int(11) NOT NULL,
  `nombre` varchar(150) NOT NULL,
  `apellido` varchar(150) DEFAULT NULL,
  `dni` varchar(11) DEFAULT NULL,
  `email` varchar(50) DEFAULT NULL,
  `celular` varchar(12) DEFAULT NULL,
  `whatsapp` varchar(12) DEFAULT NULL,
  `tipo` int(11) NOT NULL
) ENGINE=MyISAM DEFAULT CHARSET=utf8 COLLATE=utf8_spanish_ci;

--
-- Dumping data for table `contacto`
--

INSERT INTO `contacto` (`idcontacto`, `nombre`, `apellido`, `dni`, `email`, `celular`, `whatsapp`, `tipo`) VALUES
(1, '', '', '', '', '', '', 1),
(2, 'Maria', 'Nuñez', '', 'fernandanunezv@globalfgroup.com', '', '', 2),
(3, 'ALDO', 'SANTINI', '43520957', 'aldosantiniss@gmail.com', '967779769', '967779769', 2),
(4, 'ANDREA', 'SANTINI', '48127291', 'andreasantinisa@gmail.com', '981116573', '981116573', 2),
(5, 'KATERYN', 'VALDEZ', '', 'katerynv13@gmail.com', '942189613', '942189613', 2),
(6, 'juan', 'perez', '12345678', '@', '01999999', '999999999', 2),
(7, 'sssss', '', '', '', '', '', 2);

-- --------------------------------------------------------

--
-- Table structure for table `cotizacion`
--

CREATE TABLE `cotizacion` (
  `idcotizacion` int(11) NOT NULL,
  `idcliente` int(11) NOT NULL,
  `idusuario` int(11) NOT NULL,
  `tipo_comprobante` varchar(25) NOT NULL,
  `serie_comprobante` varchar(12) DEFAULT NULL,
  `num_comprobante` varchar(15) NOT NULL,
  `fecha_hora` datetime NOT NULL,
  `impuesto` decimal(4,2) NOT NULL,
  `subtotal` decimal(11,2) NOT NULL,
  `igv` decimal(11,2) NOT NULL,
  `total_cotizacion` decimal(11,2) NOT NULL,
  `estado` varchar(25) NOT NULL,
  `tipomoneda` varchar(30) DEFAULT NULL,
  `idcontacto` int(11) NOT NULL
) ENGINE=InnoDB DEFAULT CHARSET=utf8 COLLATE=utf8_spanish_ci;

--
-- Dumping data for table `cotizacion`
--

INSERT INTO `cotizacion` (`idcotizacion`, `idcliente`, `idusuario`, `tipo_comprobante`, `serie_comprobante`, `num_comprobante`, `fecha_hora`, `impuesto`, `subtotal`, `igv`, `total_cotizacion`, `estado`, `tipomoneda`, `idcontacto`) VALUES
(1, 2, 14, 'COTIZACION', '1', '0001', '2024-02-07 00:00:00', '18.00', '14.58', '2.62', '17.20', 'Aceptado', 'SOLES', 6);

-- --------------------------------------------------------

--
-- Table structure for table `detalle_cotizacion`
--

CREATE TABLE `detalle_cotizacion` (
  `iddetalle_cotizacion` int(11) NOT NULL,
  `idcotizacion` int(11) NOT NULL,
  `idarticulo` int(11) NOT NULL,
  `unidadmedida` varchar(50) NOT NULL,
  `cantidad` int(11) NOT NULL,
  `precio_cotizacion` decimal(11,2) NOT NULL,
  `descuento` decimal(11,2) NOT NULL
) ENGINE=InnoDB DEFAULT CHARSET=utf8 COLLATE=utf8_spanish_ci;

-- --------------------------------------------------------

--
-- Table structure for table `detalle_ingreso`
--

CREATE TABLE `detalle_ingreso` (
  `iddetalle_ingreso` int(11) NOT NULL,
  `idingreso` int(11) NOT NULL,
  `idarticulo` int(11) NOT NULL,
  `cantidad` int(11) NOT NULL,
  `precio_compra` decimal(11,2) NOT NULL,
  `precio_venta` decimal(11,2) NOT NULL
) ENGINE=InnoDB DEFAULT CHARSET=utf8 COLLATE=utf8_spanish_ci;

--
-- Triggers `detalle_ingreso`
--
DELIMITER $$
CREATE TRIGGER `tr_updStockIngreso` AFTER INSERT ON `detalle_ingreso` FOR EACH ROW BEGIN
UPDATE articulo SET stock = stock + NEW.cantidad
WHERE articulo.idarticulo = NEW.idarticulo;
END
$$
DELIMITER ;

-- --------------------------------------------------------

--
-- Table structure for table `detalle_venta`
--

CREATE TABLE `detalle_venta` (
  `iddetalle_venta` int(11) NOT NULL,
  `idventa` int(11) NOT NULL,
  `idarticulo` int(11) NOT NULL,
  `cantidad` int(20) NOT NULL,
  `precio_venta` decimal(11,2) NOT NULL,
  `descuento` decimal(11,2) NOT NULL
) ENGINE=InnoDB DEFAULT CHARSET=utf8 COLLATE=utf8_spanish_ci;

--
-- Triggers `detalle_venta`
--
DELIMITER $$
CREATE TRIGGER `tr_updStockVenta` AFTER INSERT ON `detalle_venta` FOR EACH ROW BEGIN
UPDATE articulo SET stock = stock - NEW.cantidad 
WHERE articulo.idarticulo = NEW.idarticulo;
END
$$
DELIMITER ;

-- --------------------------------------------------------

--
-- Table structure for table `ingreso`
--

CREATE TABLE `ingreso` (
  `idingreso` int(11) NOT NULL,
  `idproveedor` int(11) NOT NULL,
  `idusuario` int(11) NOT NULL,
  `tipo_comprobante` varchar(25) NOT NULL,
  `serie_comprobante` varchar(10) DEFAULT NULL,
  `num_comprobante` varchar(12) NOT NULL,
  `fecha_hora` datetime NOT NULL,
  `impuesto` decimal(4,2) NOT NULL,
  `total_compra` decimal(11,2) NOT NULL,
  `estado` varchar(25) NOT NULL
) ENGINE=InnoDB DEFAULT CHARSET=utf8 COLLATE=utf8_spanish_ci;

-- --------------------------------------------------------

--
-- Table structure for table `permiso`
--

CREATE TABLE `permiso` (
  `idpermiso` int(11) NOT NULL,
  `nombre` varchar(35) NOT NULL
) ENGINE=InnoDB DEFAULT CHARSET=utf8 COLLATE=utf8_spanish_ci;

--
-- Dumping data for table `permiso`
--

INSERT INTO `permiso` (`idpermiso`, `nombre`) VALUES
(1, 'Escritorio'),
(2, 'Almacen'),
(3, 'Compras'),
(4, 'Ventas'),
(5, 'Acceso'),
(6, 'Consulta Compras'),
(7, 'Consulta Ventas'),
(8, 'Backup'),
(9, 'Reportes'),
(10, 'Consulta Ventas por producto'),
(11, 'Cotización');

-- --------------------------------------------------------

--
-- Table structure for table `persona`
--

CREATE TABLE `persona` (
  `idpersona` int(11) NOT NULL,
  `tipo_persona` varchar(20) NOT NULL,
  `nombre` varchar(150) NOT NULL,
  `tipo_documento` varchar(25) DEFAULT NULL,
  `num_documento` varchar(25) DEFAULT NULL,
  `direccion` varchar(120) DEFAULT NULL,
  `telefono` varchar(20) DEFAULT NULL,
  `email` varchar(50) DEFAULT NULL
) ENGINE=InnoDB DEFAULT CHARSET=utf8 COLLATE=utf8_spanish_ci;

--
-- Dumping data for table `persona`
--

INSERT INTO `persona` (`idpersona`, `tipo_persona`, `nombre`, `tipo_documento`, `num_documento`, `direccion`, `telefono`, `email`) VALUES
(2, 'Cliente', 'FR SYSTEM S.A.C.', 'RUC', '20601579317', 'Av. Garcilaso de la Vega 1260 Of. 6 Lima', '+51938222552', 'informes@frsystem.com.pe'),
(3, 'Cliente', 'RUCATYL CORPORATION E.I.R.L.', 'RUC', '20606208848', 'MZA. N LOTE. 15 COO. SANTA APOLONIA LIMA - LIMA - SAN MARTIN DE PORRES', '910728684', ''),
(4, 'Cliente', 'ALVARO AUGUSTO HIGUERAS RIOS', 'RUC', '10433166103', 'HORACIO URTEAGA 746 FRENTE CAMPO DE MARTE JESUS MARIA', '987148926', ''),
(5, 'Proveedor', 'TIA CHINA S.A.C.', 'RUC', '20600699734', 'JR. PARURO 1100', '984995488', ''),
(6, 'Proveedor', 'DECOR DE CHINA SAC', 'RUC', '20601598052', 'JR. CUSCO  757 / JR. CHOTA NRO. 1532', '966678079', ''),
(7, 'Cliente', 'INVERSIONES KING CENTER S.A.C.', 'RUC', '20515142623', 'MZA. B LOTE. 1 URB. EL OLIVAR (ALT. CDRA 7 DE LA AV EL OLIVAR) PROV. C', '998 255 556', ''),
(8, 'Cliente', 'FERRETERIA TORRES', 'DNI', '00000001', 'AV BOCANEGRA', '930718675', ''),
(9, 'Cliente', 'JUAN YURI MENDOZA CANCHO', 'DNI', '71327978', 'HUAMANGA - AYACUCHO LOGISTICA TERRESTRE ROMERO E.I.R.L', '977 102 320', ''),
(10, 'Proveedor', 'ALFA WORLD BUSINESS S.A.C.', 'RUC', '20555834129', 'AV. SAN MARTIN NRO. 772 URB. SANTA CLARA - ATE', '946307002 -998287454', ''),
(11, 'Cliente', 'JOEL HUAMANI PATCCAÑA', 'RUC', '10714212139', 'AV.PANAMERICANA - CHALHUANCA - APURIMAC / A DOMICILIO- FLOR DE AMANCAE', '910 305 541', ''),
(12, 'Proveedor', 'DOMEVA SAC', 'RUC', '20547796315', 'AV. ARGENTINA NRO. 215 INT. AG10 (PASAJE 8 CENTRO COMERCIAL NICOLINI)', '998162038', ''),
(13, 'Cliente', 'EXON GAMANIEL ROMERO CARRION', 'RUC', '20605422102', 'YANAMA - YUNGAY - ANCASH  MULTISERV.Y TRANSP. PAJUELO EIRL RUC:2060526', '929 353 630', ''),
(14, 'Proveedor', 'DIAZ DAVILA ISAR ALEXANDER - ELFAPACK', 'RUC', '10432932856', 'JR TRUJILLO 321 URB PERU SMP LIMA', '980789065', ''),
(15, 'Cliente', 'TONY OCHOA - FERRETERIA MARTHA', 'RUC', '10418608019', 'SAN VALENTIN MZ E LOTE 18 AV.BERTELLO FRENTE MERCADO COSTA AZUL', '931 748 216', ''),
(16, 'Cliente', 'COMERCIAL FERRETERA MARRUFO EIRL', 'RUC', '20610985069', 'AV. DOMINICOS MZA. A1 LOTE. 4 URB. ALBINO HERRERA PROV.', '940 555 455', ''),
(17, 'Cliente', 'LUA SHARLENNE COCA MACHADO', 'RUC', '10483213391', 'JR AMAZONAS S/N MATAHUASI - CONCEPCION - JUNIN - JOSE ANGEL SCRL', '924 231 129', ''),
(18, 'Proveedor', 'GOOD PARTNER SAC', 'RUC', '20563016079', 'JR CUSCO 864 A BARRIOS ALTOS ALT. PARURO LIMA', '912187222', ''),
(19, 'Cliente', 'LUIS CESAR ATARAMA BAZAN', 'RUC', '10028994180', 'Mz Q1 lote 22 Urb. Ignacio Merino I Etapa PIURA- MARVISUR', '941 879 165', ''),
(20, 'Cliente', 'FERRETERIA JEREMY', 'RUC', '10463340264', 'SMP', '963 340 489', ''),
(21, 'Cliente', 'FREDY SALVADOR CASTAÑEDA ORDOÑEZ', 'DNI', '42007846', 'CAJAMARCA -SHALOM', '963 810 210', ''),
(22, 'Proveedor', 'INDUSTRIAS DURAFAN SAC', 'RUC', '20601487820', 'JR CUZCO 864 INT A URB BARRIOS ALTOS LIMA', '954036783', ''),
(23, 'Proveedor', 'COSME PEÑA MICHAEL - FERRERCOP', 'RUC', '10443134153', 'CAL. ALBERTO BARTON 220 URB. SANTA CATALINA  ALT LA VICTORIA', '989704321- 946592081', ''),
(24, 'Cliente', 'NIEVES GIL BRAVO', 'DNI', '72365620', 'AV.VICTOR RAUL HAYA DE LA TORRE 1395 -FILA ALTA -JAEN-CAJAMARCA', '920827073', ''),
(25, 'Cliente', 'MYLENKA JAZMIN CARBAJAL ANTON', 'RUC', '10222736876', 'CHINCHA- EMP.TRANS.FLORES HNOS SRL RUC 20119407738', '947045538', ''),
(26, 'Cliente', 'FREDDY ROGGER SOLANO RAMOS', 'RUC', '10710723961', 'LA ARENA - PIURA', '943 870 767', ''),
(27, 'Cliente', 'DIEGO BANCES VALLE', 'DNI', '76089713', 'AGUAS VERDES - TUMBES', '962 562 817', ''),
(28, 'Cliente', 'JULIO LUIS TARAZONA', 'RUC', '20607973718', 'ASOC. LOS GIRASOLES MZ E LOTE 18- REF. AV DOMINICOS CON AV SANTA ROSA', '924 682 023', ''),
(29, 'Cliente', 'GRUPO AGUERO S.A.C.', 'RUC', '20531082371', 'JR. ANCASH NRO. NRO. 669 BAR. SAN JUAN ANCASH - HUARI - HUARI', '939 092 240', ''),
(30, 'Cliente', 'ANDRES TAYPE ATAYPOMA', 'RUC', '10473163964- 7138700', 'SAN CRISTOBAL - HUANCAVELICA', '901 132 296', ''),
(31, 'Cliente', 'SUMIRI CALSINA DIANET', 'DNI', '10419654545', 'AREQUIPA', '958 152 303', ''),
(32, 'Cliente', 'SERVICIOS GENERALES FERROMETAL EIRL', 'RUC', '20610259741', 'CHIMBOTE -EMP.TRANS.FLORES HNOS SRL RUC 20119407738', '934 387 052', ''),
(33, 'Cliente', 'COMERCIAL FERRETERA BENAVIDES EIRL', 'RUC', '20143012248', 'AV.CAMINOS DEL INCA NRO.3355 URB.PLG BENAVIDES SANTIAGO DE SURCO-LIMA', '941385965', ''),
(34, 'Proveedor', 'GRUPO MAFLO INTERNACIONAL SAC', 'RUC', '20600894626', 'JR EL SODIO 238 URB. INDUSTRIAL INFANTAS - LOS OLIVOS', '999086978', ''),
(35, 'Proveedor', 'DISTRIBUIDORA FORZZA EIRL', 'RUC', '20504210155', 'CALLE LAS ESMERALDAS 112 URB SAN ANTONIO BELLAVISTA CALLAO', '934145290', ''),
(36, 'Proveedor', 'CLS IMPORTACIONES SAC', 'RUC', '20609379236', 'AV COLONIAL 212 INT 2163 PLAZA FERRETERO MALVINAS', '955378669', ''),
(37, 'Proveedor', 'GSP LUZ SAC', 'RUC', '20607069078', 'AV ARGENTINA 215 INT M3 PSJ26 NICOLINI MALVINAS', '998812174', ''),
(38, 'Proveedor', 'DULANTO MIRANDA EMELI', 'RUC', '10463189400', 'AV ARGENTINA 215  PSJ12 TDA 6', '939491607', ''),
(39, 'Cliente', 'BRAYAN  ZAPATA GEVARA', 'DNI', '76846445', 'PUCALLPA- HUCAYALE -  MARVISUR', '', ''),
(40, 'Cliente', 'MAICO DAIVI PEREZ PUENTE', 'RUC', '10432588721', 'JR.HUASCAR 1395 - JESUS MARIA', '940248393', ''),
(41, 'Cliente', 'Wilmer Santiago Gálvez López', 'RUC', '10426508961', 'Bambamarca Cajamarca.- Shalom', '931408590', ''),
(42, 'Cliente', 'CORPORACION VERTEC GLASS EIRL', 'RUC', '20610713336', 'TRUJILLO- AGENCIA: SERVICIOS GENERALES J.J.REYES EIRL RUC: 20603328630', '939311802', ''),
(43, 'Cliente', 'CONSTRUCTORA E INMOBILIARIA Y SERVICIOS GENERALES SAN FRANCISCO EIRL', 'RUC', '20530111441', 'PIURA- AGENCIA: EMP.TRUJILLO EXPRESS SRL RUC: 20176943247', '925811928', ''),
(44, 'Cliente', 'LENIN UNIVERSAL CAR SRL', 'RUC', '20608301837', 'AV.CARRETERA CENTRAL # 850 ATE - LIMA', '940747308', ''),
(45, 'Cliente', 'MARITZA CONDORI TICONA', 'DNI', '48644904', 'CAMANA-MARVISUR', '969453542', ''),
(46, 'Cliente', 'MIGUEL ARECIO VILLEGAS CALERO', 'RUC', '10060935713', 'PROG.VIV.TRES HORIZONTE MZ.D. LT 27 SMP-LIMA', '', ''),
(47, 'Cliente', 'ZENTRAL ADMINISTRACION INMOBILIARIA SAC', 'RUC', '20553191115', 'JR.GENERAL CORDOVA NRO.1160 URB.SANTA BEATRIZ JESUS MARIA-LIMA', '999730817-977560336', ''),
(48, 'Proveedor', 'SONEPAR PERU SAC', 'RUC', '20111740438', 'JR YUNGAY 1870 URB CHACRARIOS CERCADO DE LIMA', '970511323', ''),
(49, 'Cliente', 'FERRETERIA DANNA', 'RUC', '20600976134', 'AV BERTELLO', '956796854', ''),
(50, 'Cliente', 'RAFAEL MILENARIO TRINIDAD VENANCIO', 'RUC', '10477101319', 'CARRETERA FEDERICO BASADRE KM 178 (FERRETERIA DON OSO) BOQUERON UCAYAL', '930872201', ''),
(51, 'Proveedor', 'JINGXUAN SAC', 'RUC', '20566212537', 'JR PARURO CUADRA 10', '953243558', ''),
(52, 'Cliente', 'DISTRIBUCIONES MATORIEL EIRL', 'RUC', '20607467421', 'TAMBO GRANDE PIURA- MARVISUR', '921700211', ''),
(53, 'Proveedor', 'PROMHIL SAC', 'RUC', '20117431615', 'AV ARGENTINA 245 INT AL7 PSJE 7', '998313062', ''),
(54, 'Cliente', 'GALVEZ MEJIA HERMINIO', 'RUC', '10287111865', 'KIMBIRI - CUSCO LOGISTICA TERRESTRE QUISNAVAR RUC 20604935700', '942009332', ''),
(55, 'Proveedor', 'CCEFER EIRL', 'RUC', '20509829803', 'AV ARGENTINA 215 INT AÑ1 PSJE 4 Y 5', '994156700', ''),
(56, 'Cliente', 'ANTONIO SALDAÑA', 'RUC', '10329870117 - 206004', 'AV LOS OLIVOS MZ B LT 7 URB. MONTE AZUL', '936416183', ''),
(57, 'Proveedor', 'COMERCIAL MEGA FERRETERIA EIRL', 'RUC', '20554277986', 'AV ARGENTINA 215 INT AK3 PSJ7', '998274923-913099511', ''),
(58, 'Cliente', 'GILMER MALCA PEREZ', 'RUC', '10471554052', 'TARAPOTO- AGENCIA:EXPRESO INTERNACIONAL APOLO RUC:20552976658', '942961469', ''),
(59, 'Cliente', 'AREVALO BAZAN VICTOR MANUEL', 'RUC', '10089369695', 'CALLE LOS CORALES 151 URB.BENJAMIN DOIG LOSSIO LA PERLA-CALLAO', '927781597', ''),
(60, 'Proveedor', 'COMERCIAL WINNER EIRL', 'RUC', '20513065621', 'AV HUANDOY MZ 205 LT 37 LOS OLIVOS', '988440179', ''),
(61, 'Cliente', 'ALEX ANIBAL GUERRERO MORETO', 'DNI', '45873628', 'SAN IGNACIO - CAJAMARCA- AGENCIA: DIVINO SEÑOR RUC:20510740336', '976452299', ''),
(62, 'Proveedor', 'GPRINTER PERU SAC', 'RUC', '20601566584', 'JR PARURO 1100', '984995488', ''),
(63, 'Proveedor', 'IMPORTACION CHEN SAC', 'RUC', '20606572035', 'JR PARURO 1100', '984995488', ''),
(64, 'Cliente', 'FERRETERIA ERICK- OBANDO NEYRA ERICK MARTIN', 'RUC', '10740505039', 'AV RIOBAMBA N° 509 - SAN MARTIN DE PORRES - LIMA', '954989084', ''),
(65, 'Proveedor', 'COMERCIAL BELLA SUR SAC', 'RUC', '20504218644', 'CALLE ARISTIDES DEL CARPIO 1975 CDRA 32 VENEZUELA LIMA', '988440179', ''),
(66, 'Cliente', 'ANDY RAMIREZ DAVILA', 'RUC', '10441481573', 'TARAPOTO', '945065284', ''),
(67, 'Proveedor', 'RONG QIAN SAC', 'RUC', '20606312602', 'JR PUNO', '962211890', ''),
(68, 'Cliente', 'SEELCOM LIDER E.I.R.L', 'RUC', '20601169488', 'AV. LIBERTAD NRO. 1073 URB. CHACHAPOYAS (COSTADO DE BOMBEROS) - AMAZON', '941862087', ''),
(69, 'Proveedor', 'ORVIVE SRL', 'RUC', '20332151691', 'AV GUARDIA  PERUANA 1024 CHORRILLOS - AV ARGENTINA 215 PSJ9', '994238612-998326222', ''),
(70, 'Cliente', 'JUAN ANTONIO PACHECO CABANILLAS', 'RUC', '10178308594', 'MZ. B LT.11 VILLA MAGISTERIAL NUEVO CHIMBOTE - SANTA - ANCASH', '955613847', ''),
(71, 'Cliente', 'ADELITA ELIAS MATIAS', 'RUC', '10775013601', 'PIURA -SHALOM', '974988318', ''),
(72, 'Proveedor', 'NEGOCIOS E INVERSIONES GOLDEN COMPANY SAC', 'RUC', '20602653499', 'JR PARURO CDRA 11', '982424652', ''),
(73, 'Cliente', 'SONIA YANETTE CHARA HANCCOCCALLO', 'DNI', '46414312', 'ESPINAR-  MARVISUR', '948608546', ''),
(74, 'Proveedor', 'SCHUBERT COMPANY S.A.C.', 'RUC', '20508758902', 'AV LOS SAUCES 334 ATE', '981222938', ''),
(75, 'Proveedor', 'B &amp; N DISTRIBUIDORES ELECTRICOS S.A.C', 'RUC', '20548735069', 'AV COLONIAL 216 INT SS95', '977674595', ''),
(76, 'Cliente', 'COMSERVIA EIRL', 'DNI', '20601585406', 'AV.INDUSTRIAL MZ. T LT.12 URB. SEÑOR DE LUREN -ICA -TRANSP.SAN MARTINC', '949809787', ''),
(77, 'Cliente', 'NESTOR SANTOS CHINCHAY', 'RUC', '10032272482', 'HUANCABAMBA - PIURA  AGENCIA: TRANSP. DE CARGO EL RAYO RUC:20547560460', '965757881', ''),
(78, 'Proveedor', 'CORPORACION GEOELECTRIC CHOQUE SAC', 'RUC', '20605683348', 'JR PARURO 1079 INT 103', '947281273', ''),
(79, 'Proveedor', 'GRUPO PAZ SAC', 'RUC', '20519027268', 'CALLE VICTOR REYNEL 730 LIMA', '977531529', ''),
(80, 'Cliente', 'FREDY DANIEL ROMERO SANTOS', 'DNI', '46748783', 'TAMBO GRANDE', '960392913', ''),
(81, 'Cliente', 'FERRETERIA REYES', 'DNI', '00000002', 'AV QUILCA', '971313947', ''),
(82, 'Proveedor', 'CORPORACION REMA E.I.R.L.', 'RUC', '20605735780', 'JR MIROQUEZADA', '987334885-932202505', ''),
(83, 'Cliente', 'FERRETERIA YUVICKSA', 'DNI', '00000003', 'AV PERU CDRA 49 MZ C34 LOTE 1 URB. BOCANEGRA', '', ''),
(84, 'Cliente', 'FERRETERIA DELTA', 'RUC', '10106236769', 'AV CARLOS IZAGUIRRE', '937613832', ''),
(85, 'Cliente', 'FERRETERIA DANLEY', 'RUC', '10108631533', 'JR. ALONSO PINZON 3330', '995124585', ''),
(86, 'Cliente', 'ZEGARRA BORJA ANIBAL ALBERTO', 'RUC', '10413702262', 'AV. EL OLIVAR 3802 URB.COVISEM- SMP', '', ''),
(87, 'Proveedor', 'COMERCIAL FERRETERAS MEGANS E.I.R.L.', 'RUC', '20600731107', 'AV. GUILLERMO DANSEY NRO. 330 INT. 114', '994272743', ''),
(88, 'Cliente', 'WAT JAMES CIERTO DAMASO', 'RUC', '10435508524', 'LA UNION - 2 DE MAYO - HUANUCO', '910962744', ''),
(89, 'Cliente', 'JULIO IGNACIO ALVARADO MORALES', 'DNI', '70107870', 'CASMA AGENCIA: EXPRESO CHIMBOTE CARGO SAC RUC: 20603629591', '989222834', ''),
(90, 'Cliente', 'MICHAEL VASQUEZ CALDERON', 'DNI', '43536981', 'PUERTO YURINAKI - CHANCHAMAYO AGENCIA: TRANSP. PAOLO DIEGO', '964626242', ''),
(91, 'Cliente', 'INVERSIONES SDI SAC', 'RUC', '20606644630', 'AV HUANDOY', '943464284', ''),
(92, 'Cliente', 'EMER NEZON SALDIVAR VENTIRA', 'RUC', '10430469008', 'HUARIACA - PASCO AGENCIA: E.T.J CAMPOS EIRL RUC: 20603802951', '963998572', ''),
(93, 'Cliente', 'LUNAZCO CHAVEZ DELFIN', 'DNI', '74308538', 'HUAMANGA - AYACUCHO AGENCIA: TURISMO ESPINOZA EIRL  RUC: 20428474881', '976531294', ''),
(94, 'Cliente', 'HUAMAN TICLLA DIANA', 'RUC', 'AYACUCHO - HUAMANGA', 'AYACUCHO - HUAMANGA AGENCIA: TURISMO ESPINOZA EIRL  RUC: 20428474881', '991738323', ''),
(95, 'Cliente', 'FREDY BENDEZU CRISPIN', 'DNI', '23275968', 'HUANCAVELICA- AGENCIA:CORP.CENTRAL EXPRESS SRL/RUC:20605657649', '947330043', ''),
(96, 'Cliente', 'RUBEN ROLY RIVERA ROJAS', 'RUC', '10419848731', 'AMBO-HUANUCO', '963691698', ''),
(97, 'Cliente', 'PEREZ GARCIA LUIS FLOWER', 'RUC', '10085092567', 'AV PACASMAYO MZ B LOTE 14', '973487470', ''),
(98, 'Cliente', 'RAFAEL ANTONIO MEZA BRIONES', 'RUC', '20608474251', 'AV.UNIVERSITARIA NRO. 2603 PILCOMARCA - HUANUCO', '951776694', ''),
(99, 'Cliente', 'IRRAEL DIAZ RIVEROS', 'DNI', '44399453', 'CORRAL QUEMADO AMAZONAS AGENCIA:NEGOCIOS Y SERVICIOS HERNANDEZ SAC', '979710698', ''),
(100, 'Cliente', 'REPRESENTACIONES INVERLUZ EIRL', 'RUC', '20608665561', 'MZ. H LT.18 P.J SAN MARTIN LIZARDO MONTERO- ALTO ALIANZA- TACNA-TACNA', '917747794', ''),
(101, 'Cliente', 'JHONY CARLOS TITO APAZA', 'DNI', '46945823', 'C.C.MEGACENTRO BONANZA S/N STAND 206 PJ.RIO SECO CERRO COLORADO - AREQ', '945067746', ''),
(102, 'Cliente', 'GENESIS MAYTE TERRONES ALTUNA', 'DNI', '48185729', 'CHIMBOTE AGENCIA: CHIMBOTE EXPRESS  RUC:20531983255', '958608766', ''),
(103, 'Cliente', 'DISTRIBUCIONES ECOFER EIRL', 'RUC', '20608115774', 'ASOC.LOS PROCERES MZ.57 LT.02 GREGORIO ALBARRACIN LANCHIPA-TACNA', '', ''),
(104, 'Cliente', 'ALEX JOEL GUERRERO VARGAS', 'RUC', '10483436586', 'AV.MARIANO MELGAR NRO 575 BAGUA - AMAZONAS', '941993293', ''),
(105, 'Cliente', 'ESTHER ALEJANDRA CONTRERAS RUIZ', 'RUC', '10410361464', 'HUANCAVELICA BAGENCIA: TURISMO ESPINOZA EIRL RUC:20428474881', '959504933', ''),
(106, 'Cliente', 'JOSZEF GIOVANNI COCHACHI RIVERA', 'DNI', '71223211', 'LA MERCED - CHANCHAMAYO AGENCIA: LOGISTICA HINOSTROZA EIRL', '978157368', ''),
(107, 'Cliente', 'BEVERLY PAOLY FLORES CABRERA', 'RUC', '10400496655', 'JR. 9 DE DICIEMBRE 721 - IQUITOS AGENCIA:MARVISUR RUC 20498189637', '965675592', ''),
(108, 'Cliente', 'INVERSIONES CIALICAR S.A.C.', 'RUC', '20605124543', 'JR.M.P. DE BELLIDO  #764 HUAMANGA- AYACUCHO', '983905055', ''),
(109, 'Cliente', 'SAUL ORTIZ', 'DNI', '7501922', 'MERCADO SARITA COLONIA PUESTO A-3', '936019053', ''),
(110, 'Cliente', 'EDIL DE LA CRUZ DIAZ', 'DNI', '81257142', 'CHICLAYO AGENCIA: SHALOM - AV. AMERICA JOSE LEONARDO CHICLAYO', '979688174', ''),
(111, 'Cliente', 'MALISO EIRL', 'RUC', '20605703888', 'JR JUAN DE LA RIVA VASQUEZ - TARAPOTO', '', ''),
(112, 'Cliente', 'MARCOS COLAN BENITES', 'DNI', '41974688', 'TINGO MARIA AGENCIA: ORO VERDE', '902 292 366', ''),
(113, 'Cliente', 'FELIPE DURAND ROJAS', 'RUC', '10070093761', 'JR.HUANCAVELICA 295 TARMA', '954 800 364', ''),
(114, 'Cliente', 'SAN CARLOS EIRL', 'RUC', '20221714963', 'MOQUEGUA - MARISCAL NIETO- MOQUEGUA', '929611971', ''),
(115, 'Cliente', 'WILLIAM ARICOCHE / FERRETERIA TU VECINO', 'RUC', '20607315150', 'MZ.B LT.4 ASOCIACION 20 DE ENERO - PUENTE PIEDRA', '995432971', ''),
(116, 'Cliente', 'KETTY VICKY PANDURO AYRA', 'RUC', '10448847565', 'PAUCARTAMBO - PASCO', '921490529', ''),
(117, 'Cliente', 'ANGEL HUARAYCAMA', 'RUC', '10409996316', 'MERCADO 03 DE ENERO AV QUILCA', '988 509 342', ''),
(118, 'Cliente', 'MIGUEL ANGEL PORTILLA MONTALVAN', 'DNI', '21884948', 'CHINCHA  AGENCIA: EMP.TRANS.FLORES HNOS SRL RUC 20119407738', '914177396', ''),
(119, 'Cliente', 'GOLDENSECRET EIRL', 'RUC', '20609508745', 'MZ.J LT.16 AA.HH. LAS AMERICAS (COSTADO MERCADO LOS CONSTRUCTORES)', '910574943', ''),
(120, 'Cliente', 'LUZ MARINA TAIÑA CHIPANA', 'RUC', '10473519751', 'AV.CIRCUNVALACION #215 TAMBOPATA-MADRE DE DIOS', '982348454', ''),
(121, 'Cliente', 'VANESA OCAÑA ALMEIDA', 'DNI', '77489219', 'IQUITOS AGENCIA: MARVISUR', '931907535', ''),
(122, 'Cliente', 'FERRETERIA ARENA', 'DNI', '00000004', 'AV.LOS OLIVOS- MERCADO SANTA ROSA', '978588530 -902356211', ''),
(123, 'Cliente', 'JOSE OMAR QUISPE CORONEL', 'DNI', '71590981', 'JR.ICA #342 TAMBOPATA- TAMBOPATA - MADRE DE DIOS', '948243007', ''),
(124, 'Cliente', 'CESAR AUGUSTO TELLO CORONADO', 'RUC', '10702343947', 'AV. CESAR VALLEJO S/N ANCO HUALLO-CHINCHEROS-APURIMAC', '933985778', ''),
(125, 'Cliente', 'JCZ CONSTRUCTORES EIRL', 'RUC', '20605419837', 'TINGO MARIA AGENCIA:TRANSCARGO PAUCAR\'S S.R.L. RUC: 20512524380', '978 157 368', ''),
(126, 'Cliente', 'MARIA DORIS CARBAJAL VILCACHAGUA', 'RUC', '10085610541', 'JR ICA 4155 SMP LIMA', '991 701 457', ''),
(127, 'Cliente', 'IDEA FERRETERIA INDUSTRIAL SAC', 'RUC', '20605811630', 'AV PERU MZ F1 LOTE 32 AH BOCANEGRA Z - 4', '919 442 405', ''),
(128, 'Cliente', 'INVERSIONES Y SERVICIOS SALOMON E.I.R.L.', 'RUC', '20603171404', 'JR. CONDAMINE NRO. 614 (ESQ, CONDAMINE Y TAVARA) MAYNAS - IQUITOS -', '993 447 664', ''),
(129, 'Cliente', 'YSABEL ESPINAL YACTAPURE', 'DNI', '00000005', 'AV.PACASMAYO 536', '', ''),
(130, 'Cliente', 'JAIME MATA CAURINO', 'DNI', '46951336', 'CHAVIN DE HUANTAR - ANCASH AGENCIA: FERNANDEZ CARGO', '995 295 017', ''),
(131, 'Cliente', 'SEDECA INVERSIONES EIRL', 'RUC', '20600102835', 'PUCALLPA AGENCIA: LEONARDO EXPRESS EIRL RUC: 20545078369', '961 604 120', ''),
(132, 'Cliente', 'INVERSIONES MULTIMEDIA Y OTROS CTP EIRL', 'RUC', '20603722753', 'CAL.C MZA. E LOTE. 08 URB. EL UNIVERSO SMP-LIMA', '', ''),
(133, 'Cliente', 'INVERSIONES ALVARO ATAHUALPA', 'RUC', '20520695568', 'AV ANGELICA GAMARRA', '915 225 104', ''),
(134, 'Cliente', 'MANFREND JULIAN CORAL LOZANO', 'RUC', '10802992144', 'TARAPOTO AGENCIA: MARVISUR 20498189637', '943808376', ''),
(135, 'Cliente', 'HEISER LUIS RAMOS MENDOZA', 'RUC', '10453188049', 'TOCACHE AGENCIA:GRUPO PERALTA PAREDES  RUC: 20572235379', '975 637 266', ''),
(136, 'Cliente', 'CHARLES BONY TIRADO CHUJUTALLI', 'RUC', '10442505565', 'NUEVA CAJAMARCA - RIOJA AGENCIA: SHALOM', '931 991 621', ''),
(137, 'Cliente', 'CARRILLO CRISTOBAL HELEN AQUELINA', 'DNI', '75866131', 'TARICA - HUARAZ AGENCIA:EMP.TRA.TURISMO ROSARIO RUC: 20504818081', '', ''),
(138, 'Cliente', 'JULIO CESAR BANCES VALLE', 'DNI', '10762815147', 'AGUAS VERDES - TUMBES', '937753336', ''),
(139, 'Cliente', 'CONSTRUCTORA Y SERVICIOS GENERALES DIAZ MAS', 'RUC', '20609124904', 'CHACHAPOYAS 4084413', '', ''),
(140, 'Cliente', 'MORAN', 'RUC', '00000006', 'FERRETERIA AV QUILCA', '', ''),
(141, 'Cliente', 'WILMER CAYCHO', 'RUC', '10084765827', 'AV JOSE GRANDA 3019 - URB. CONDEVILLA SMP', '999 201 818', ''),
(142, 'Cliente', 'ROSA ELENA DE LA CRUZ DE JIMENEZ', 'DNI', '22286153', 'PISCO AGENCIA: TRANSP. MORON PONCE SRL RUC: 20165533101', '963774058', ''),
(143, 'Cliente', 'FERRETERIA HERNANDEZ', 'DNI', '00000007', 'AV.ARQUITECTOS N 509 MZ D1 LT 16 LAS LOMAS - VENTANILLA', '945 715 141', ''),
(144, 'Cliente', 'RUTH ABIGAIL PUMAHUANCA PFOCCOALATA', 'DNI', '60744258', 'AREQUIPA AGENCIA: MARVISUR', '974271695', ''),
(145, 'Cliente', 'FERRETERIA MAICOL', 'RUC', '10254875878', 'Av. Carlos Izaguirre A-1 Asc. KAMA I Etapa', '959130714', ''),
(146, 'Cliente', 'VICTOR DAMIAN ORTIZ DELGADO', 'DNI', '48033316', 'BAGUA GRANDE - AMAZONAS AGENCIA: SEÑOR DE LA MONTAÑA RUC:20219520281', '921794197', ''),
(147, 'Cliente', 'DANIEL MARCIAL PAJUELO RAMIREZ', 'RUC', '20605424784', 'CARAZ-ANCASH AGENCIA: TRANSP.JULIO CESAR SRL RUC: 20229867246', '928 029 679', ''),
(148, 'Cliente', 'DELIA CONCEPCION RIVERA ARROYO', 'RUC', '10096229211', 'AV.UNIVERSITARIA - EX SANTA ROSA', '987 348 031', ''),
(149, 'Cliente', 'ELIZABETH RUTH ESPINOZA BAZAN', 'RUC', '20605424784', 'PUCALLPA AGENCIA: LUCES EXPRESS EIRL RUC: 20552441894', '949 069 064', ''),
(150, 'Cliente', 'IMPORTACIONES GARCILAZO SAC', 'RUC', '20605779183', 'CALLE ARCOPUNCO 659 - CUSCO', '', ''),
(151, 'Cliente', 'ANA ELA CHAPOÑAN MORALES', 'RUC', '10011186683', 'JR. RICARDO PALMA 875 TARAPOTO', '926880823', ''),
(152, 'Cliente', 'CHINO FERNANDEZ WALDO', 'RUC', '10462632865', 'AV.RICARDO PALMA S/N QUILLABAMBA - CUSCO', '918518074', ''),
(153, 'Cliente', 'RIMACHE PARHUAYO ROBERTO', 'RUC', '10402632530', 'CUSCO', '927707256', ''),
(154, 'Cliente', 'SERVEFER L&amp;D SRL', 'RUC', '20529437791', 'JR.HUALGAYOC 478 CAJAMARCA AGENCIA: TURISMO DIAS S.A RUC: 20438637380', '998136947', ''),
(155, 'Cliente', 'JANNY LESLY OROZCO RAMIREZ', 'RUC', '10444454283', 'AA.HH. TUPAC AMARU 3RA ETAPA MZ.E3 LT.21 - PIURA-PIURA', '989858803', ''),
(156, 'Cliente', 'JOSE ENRIQUE SOSA FLORES', 'RUC', '78107196', 'PIURA', '921136493', ''),
(157, 'Cliente', 'SILVER PERU COMPANY SAC', 'RUC', '20608707442', 'AV. VILLARREAL NRO.1027  TRUJILLO - LA LIBERTAD', '948563355', ''),
(158, 'Cliente', 'DEYBI OBET RAMIREZ ROJAS', 'RUC', '46206264', 'NUEVA CAJAMARCA AGENCIA: SHALOM', '926220812', ''),
(159, 'Cliente', 'JUAN CARLOS CASTRO FUENTES', 'RUC', '20607782335', 'CHINCHA AGENCIA:TRANSPORTES MORON PONCE SRL RUC 20165533101', '962708887', ''),
(160, 'Cliente', 'MARIA JULIA MARCELO YARLEQUE', 'RUC', '036696670', 'SULLANA - PIURA AGENCIA: SHALOM', '918915737', ''),
(161, 'Cliente', 'JAVIER FLORES DIAZ', 'RUC', '10447723706', 'CHINCHA AGENCIA: SHALOM RUC: 20512528458', '933475413', ''),
(162, 'Cliente', 'MARIO AGUILAR PALMA', 'RUC', '10447876961', 'JR. BOLOGNESI 212 HUARAZ', '998534428', ''),
(163, 'Cliente', 'FLOR FRIEDA BENITES JARA', 'RUC', '47700185', 'CHIMBOTE AGENCIA: CARGO EXPRESS AMERICANO RUC: 20532029008', '986533141', ''),
(164, 'Cliente', 'JOSE LUIS CANDELA VILLALOBOS', 'DNI', '15444146', 'MALA - CAÑETE - LIMA  AGENCIA: HUAPAYA EXPRESS  SCRL RUC: 20602533213', '942186019', ''),
(165, 'Cliente', 'FERRETERIA EL CHINO', 'RUC', '10212877765', 'AV UNIVERSITARIA', '958 600 938', 'jakelineleon.79@gmail.com'),
(166, 'Cliente', 'GROUP MJM E.I.R.L.', 'RUC', '20604311722', 'AV. HUAYRUROPATA NRO. 1036 INT. 9 URB. KAWARINA', '974335257', ''),
(167, 'Cliente', 'MARCO JACSON VELASQUEZ PEÑA', 'RUC', '10755984464', 'PAIMAS - PIURA AGENCIA: ETTIZA EMP. DE TRANS. EIRL RUC 20557223402', '927829072', ''),
(168, 'Cliente', 'JOSE DALL&quot; ORSO MORALES', 'RUC', '10254869380', 'MERCADO MODERNO UNION MZ.9 LT.7 CALLAO', '983581721', ''),
(169, 'Cliente', 'MOISES ROMAN FERRETERIA JOSE GRANDA', 'DNI', '00000009', 'JOSE GRANDA 3662', '', ''),
(170, 'Cliente', 'YANGALI MORALES EFRAIN', 'DNI', '00000010', 'AV. QUILCA MZ D28 LOTE 16 BOCANEGRA III', '', ''),
(171, 'Cliente', 'AMADO PARRILLA LLOCLLA', 'RUC', '10803436172', 'MZ.C LT.23 LAS MERCEDES CASTILLA - PIURA', '916632272', ''),
(172, 'Cliente', 'ANGELICO ORDOÑES MONTALBAN', 'RUC', '10410145478', 'CALLE LA MARINA 400 SECTOR NUEVO HORIZONTE - JAEN', '994717031', ''),
(173, 'Cliente', 'MARITA CUNYA SALAZAR - FERRETERIA CHARITO', 'DNI', '00000011', 'JR RIOBAMBA 499 - AV.PERU', '986 093 429', ''),
(174, 'Cliente', 'EDWIN ROBERTO SOLANO RAMOS', 'DNI', '71072395', 'LA ARENA - PIURA AGENCIA: CAVASSA SAC RUC: 20206872234', '910109855', ''),
(175, 'Cliente', 'JUAN TEOFILO RAMIREZ RAMOS', 'RUC', '10214811869', 'ICA AGENCIA: EMP.TRANS.FLORES HNOS SRL RUC 20119407738', '969251378', ''),
(176, 'Cliente', 'PASTOR BLAS QUENAYA', 'RUC', '10013164610', 'AV.CORONEL MENDOZA NRO.1697 - TACNA', '924209150', ''),
(177, 'Cliente', 'ASTO HUAMAN SAUL ISAIL', 'RUC', '10453880457', 'JR.TARAPACA 536 HUANTA - AYACUCHO AGENCIA: TURISMO ESPINOZA EIRL', '975364059', ''),
(178, 'Cliente', 'M&amp;T SOLUCIONES SAC', 'RUC', '20609381851', 'AV.4 DE NOVIEMBRE 541 PAYET INDEPENDENCIA', '980649646', ''),
(179, 'Cliente', 'INVERSIONES Y SERVICIOS ELECTRISOL INGENIEROS SAC', 'RUC', '20601214611', 'AV.JOSE OLAYA NRO.736 SAN CARLOS - HUANCAYO', '954966794', ''),
(180, 'Cliente', 'JOAN MANUEL BARRIOS CASAS.', 'RUC', '00000011', 'MZ G1 LOTE 17 URB ALBINO HERRERA 2DA ETAPA', '', ''),
(181, 'Cliente', 'INVERSIONES M&amp;N PERU EIRL', 'RUC', '20608306651', 'URB. SANTA PATRICIA MZ. D LT.5 - SMP', '924340131', ''),
(182, 'Cliente', 'JOL IMPORT SRL', 'RUC', '20606900032', 'JR.SAN MARTIN NRO. 317 BAR. AREQUIPA', '921501659', ''),
(183, 'Cliente', 'VARGAS SOLIS IDA INES', 'RUC', '10805296301', 'CHAUPIMARCA - PASCO', '935 837 612', ''),
(184, 'Cliente', 'GARCIA CUADROS MICHAEL NILTON', 'RUC', '10449254924', 'AV.CAMANA NRO. 1331 CAMANA - AREQUIPA AGENCIA: MARVISUR', '963 961 679', ''),
(185, 'Cliente', 'CONDOMINIO INRESA', 'RUC', '00000012', 'INRESA', '997562566', ''),
(186, 'Cliente', 'FRANK ROGER CENTURION PERALES', 'RUC', '10419528493', 'NICOLAS CUGLIEVAN #251 - CHICLAYO - LAMBAYEQUE', '979 949 116', ''),
(187, 'Cliente', 'RODRIGO LUNA SALVADOR', 'RUC', '10190541741', 'LIMA', '991 530 760', ''),
(188, 'Cliente', 'CORPORACION HANNAH &amp; CIA CONSULTORES SAC', 'RUC', '20608554999', 'MZ. C LT.15 APV.LOS NOGALES I ET- SMP-LIMA', '902 491 599', ''),
(189, 'Cliente', 'WILLIAM HENRY OTINIANO QUISPE', 'DNI', '43308410', 'CHAO - TRUJILLO AGENCIA:TRANSP. EL SANTEÑITO EXPRESS SAC RUC:206040371', '944490100', ''),
(190, 'Cliente', 'IMPORTACIONES Y SERVICIOS GENERALES COSMOS EIRL', 'DNI', '20606004428', 'JR.CHANCHAMAYO 751 CAJAMARCA - CAJAMARCA AGENCIA: MARVISUR', '963 331 355', 'imporservicosmos@gmail.com'),
(191, 'Cliente', 'FERRETERO EL OBELISCO', 'RUC', '20607745413', 'JR. SANTIAGO ZAVALA NRO. 267 PUEBLO HUAMACHUCO', '987 719 361', ''),
(192, 'Cliente', 'INVERSIONES MULTIMEDIA Y OTROS CTP EIRL', 'RUC', '20603722753', 'CAL.C MZA. E LOTE. 08 URB. EL UNIVERSO SMP-LIMA', '', ''),
(193, 'Cliente', 'JORGE LUIZ CRISOSTOMO MENCIA', 'RUC', '10722420646', 'HUANCAVELICA AGENCIA: CORP CENTRAL EXPRESS SRL RUC:20605657649', '901875354', ''),
(194, 'Cliente', 'ALEXANDER QUISPE', 'DNI', '00000013', 'MERCADO EL ALAMO TDA. 41', '', ''),
(195, 'Cliente', 'MARDEN RENGIFO RUIZ', 'DNI', '46910226', 'JR.AYACUCHO S/N REF-COSTADO DE POLLERIA LA CABAÑA - BELLAVISTA - SAN M', '', ''),
(196, 'Cliente', 'PEDRO VARELA GARCIA', 'RUC', '10010618105', 'ALONSO DE ALVARADO 755 BARRIO COMERCIAL-TARAPOTO', '942963283', ''),
(197, 'Cliente', 'JOSE ELVIS RAMIREZ RAMOS', 'DNI', '80267114', 'YURIMAGUAS AGENCIA: TECBUS SRL RUC: 20558379538', '953936591', ''),
(198, 'Cliente', 'RAFAEL TORREL ARCE', 'RUC', '10412786187', 'CA. LA MERCED MZ A-5 LT. 11 AAHH CAMPO AMOR', '', ''),
(199, 'Cliente', 'CONSTRUCTORA BRANDMORE EIRL', 'RUC', '20601358981', 'FRANCISCO DE ZELA 573 - TRUJILLO AGENCIA: MARVISUR 20498189637', '923 432 927', 'ferreteriabrand14@gmail.com'),
(200, 'Cliente', 'CLARK CASAHUAMAN BAHONA', 'RUC', '10701759384', 'CHIMBOTE AV. ABANCAY CON JR. LETICIA', '', ''),
(201, 'Cliente', 'ALMENDRA GONZALEZ ZUÑIGA DEL RIO', 'DNI', '47746521', 'NUEVO CHIMBOTE AGENCIA: AMERICA EXPRESS 20114111342', '', ''),
(202, 'Cliente', 'CELIA VICTORIA RODRIGUEZ GUERRA', 'DNI', '04084123', 'AV SAN FERNANDO 568 PUCALLPA AGENCIA: ALCIMAR CARGO 20544231791', '951 992 054', ''),
(203, 'Cliente', 'GAMBOA RIOS ZOILA MARIA', 'RUC', '10473019154', 'HUACHO', '', ''),
(204, 'Cliente', 'CHOKE\'S EIRL', 'RUC', '20609207672', 'JR.COMERCIO NRO 911 URB.31 DE JULIO SAN IGNACIO-CAJAMARCA', '981298176', ''),
(205, 'Cliente', 'PATRICIA ELIZABETH RAMOS PEREZ', 'RUC', '10431197010', 'CHINCHA ALTA AGENCIA: SHALOM', '960210788', ''),
(206, 'Cliente', 'YADIRA YAMILET VILLAVERDE CACERES', 'RUC', '10766393450', 'LIBERTADORES - HUAMANGA - AYACUCHO AGENCIA: EXPRESO ANTEZANA', '913585310', ''),
(207, 'Cliente', 'BRICORP SAC', 'RUC', '20606132442', 'URB.ROSAS DEL VALLE MZ. B LT.31 TRUJILLO AGENCIA:LIBERTEÑO EXPRESS EIR', '938542523', ''),
(208, 'Cliente', 'RAMIREZ RAMOS SANDY ERIKA', 'RUC', '10723524283', 'ICA AGENCIA: EMP.TRANS.FLORES HNOS SRL RUC 20119407738', '948126240', ''),
(209, 'Cliente', '3M SOLUTIONS SAC', 'RUC', '20606472715', 'LOS JARDINES DE NARANJAL MZ D LOTE 11 CANTA CALLAO C/ ALISOS', '946 413 351', ''),
(210, 'Cliente', 'DARWIN BETETA CHUQUIYAURI ULDARICO', 'RUC', '10449185574', 'HUANUCO AGENCIA: PECHITO CARGO EXPRESS RUC: 20600859774', '941770562', ''),
(211, 'Cliente', 'FERRETERIA CALDERON', 'DNI', '20608214616', 'AV BERTELLO', '988881963', ''),
(212, 'Cliente', 'ROBERTH PAUL VIDAL TARAZONA', 'RUC', '10478778088', 'HUACAYBAMBA - HUANUCO AGENCIA:TRANSCARGO AGA 20552078447', '999181505', ''),
(213, 'Cliente', 'ENNER CARLITOS MOSTACERO DIAZ', 'RUC', '10703715457', 'SATIPO JUNIN AGENCIA: MARVISUR', '957050638', ''),
(214, 'Cliente', 'BAUTISTA QUICHCA ALEXANDER', 'DNI', '42075632', 'HUAMANGA - AYACUCHO AGENCIA: SHALOM', '999526070', ''),
(215, 'Cliente', 'LEONEL NEYSER ABANTO LOZANO', 'DNI', '47860354', 'CHIMBOTE', '986533141', ''),
(216, 'Cliente', 'FRANZ JOZSEF ANTEZANA ALCOCER', 'RUC', '10703282950', 'NAZCA AGENCIA: SHALOM RUC: 20512528458', '935 556 189', ''),
(217, 'Cliente', 'JULIO ALFONSO DE LA CRUZ MORENO', 'RUC', '10282840877', 'AA.H.H FELIPE ALBA ALBA MZ.M LT.5 SJM', '921290560', ''),
(218, 'Cliente', 'DAVILA ARTEAGA CARMEN LEONIDAS', 'RUC', '10074910322', 'MZ E LOTE 05 URB LAS MARGARITAS - SMP - LIMA', '', ''),
(219, 'Cliente', 'MARIELLA CABALLERO', 'DNI', '000000015', 'AV ANGELICA GAMARRA', '940 158 742', ''),
(220, 'Cliente', 'EDIBERTO HURTADO DIAZ', 'DNI', '44231828', 'CHOTA-CAJAMARCA', '918750509', ''),
(221, 'Cliente', 'EMER NEZON SALDIVAR VENTURA', 'RUC', '10430469008', 'HUARIACA - PASCO', '963668572', ''),
(222, 'Cliente', 'CORPORACION BONY SAC', 'RUC', '20573248563', 'SAN JUAN - YANACANCHA - CERRO DE PASCO', '', ''),
(223, 'Cliente', 'LEIDY NATALLY CONDEZO CABRERA', 'RUC', '10462676269', 'HUANUCO', '', ''),
(224, 'Cliente', 'FERRETERIA NARDY EIRL', 'RUC', '20607626112', 'MZA. I LOTE. 01 A.H. HEROES DE CENEPA II ETAPA ANCASH - CASMA - BUENA', '930619233', ''),
(225, 'Cliente', 'CESAR FUKUHARA OSHIRO', 'RUC', '10405812687', 'AV.PACASMAYO MZ. O LT. 13 URB.LAS GARDENIAS - SMP', '994 340 337', ''),
(226, 'Cliente', 'BETSI KARINA CARDENAS ALMEYDA', 'DNI', '75309601', 'VILCASHUAMAN AYACUCHO', '900 522 250', ''),
(227, 'Cliente', 'LENNIN BRIAN CARRASCO RODRIGUEZ', 'RUC', '10740793913', 'JAEN - CAJAMARCA AGENCIA: MARVISUR', '982814377', ''),
(228, 'Cliente', 'EDUARDO ALARCON FLORES', 'DNI', '46327560', 'CAL.LIBERTAD 680 B 2 CASAS DEBAJO DE LA ESQUINA LIBERTAD CON ILO MOQUE', '', ''),
(229, 'Cliente', 'ROY MAGIN ALARCON BECCERRA', 'DNI', '77684872', 'NARANJILLO -  NUEVA CAJAMARCA AGENCIA:LOGISTICA BELINDA PERALTA PAREDE', '', ''),
(230, 'Cliente', 'FERRETERIA JL', 'DNI', '20451706081', 'AV ANTUNEZ DE MAYOLO MZ C LOTE 5 COOP EL OLIVAR', '922705716', ''),
(231, 'Cliente', 'GRUPO FABISER PERU EIRL', 'RUC', '20533270795', 'INT. 44-45 ASOC. COM MICAELA BASTIDAS POR EL TERMINAL PESQUERO - TACNA', '930 688 746', ''),
(232, 'Cliente', 'VICTOR RUIZ', 'RUC', '20606389796', 'SANTA APOLONIA - SMP', '', ''),
(233, 'Cliente', 'RUIZ CASTILLO VICTOR VALENTIN - RUCATYL', 'RUC', '20606208848', 'MZA. N LOTE 15 COOPERATIVA DE VIVIENDA', '910 728 684', ''),
(234, 'Cliente', 'ROSA MARIA ESPINAL YACTAPURE', 'RUC', '10254608497', 'MERCADO SANTA ROSA', '', ''),
(235, 'Cliente', 'ARACELLY SOTO PALACIOS DE CRUZ', 'RUC', '10036904980', 'PAITA AGENCIA: CAVASSA RUC:20206872234', '925 653 428', ''),
(236, 'Cliente', 'AVILA TIMANA LUDIESMILIA MARCELINA', 'RUC', '10402149758', 'CHIMBOTE AGENCIA: SHALOM 20512528458', '932 555 505', ''),
(237, 'Cliente', 'TAIPE ALVAREZ EVA', 'RUC', '10474577568', 'SICUANI - CANCHIS - CUSCO AGENCIA: SHALOM', '956207368', ''),
(238, 'Cliente', 'ANALI NIMIA GARCIA LUJAN', 'RUC', '10456863511', 'CALLE TUPAC AMARU MZ.F LT.12- CALIFORNIA - VIRU', '929 396 146', ''),
(239, 'Cliente', 'FERRETERIA SANTA CRUZ', 'RUC', '000000016', 'AV DANIEL ALCIDES CARRION MZ F LOTE 1', '902 072 081', ''),
(240, 'Cliente', 'D.J. GLOBAL &amp; ALFA YNSAA SAC', 'RUC', '20606506679', 'AV. CARLOS BOTTO BERNALES MZA. F LOTE. 19 SEC. URB. VALENTIN ALVAREZ', '51 983 055 520', ''),
(241, 'Cliente', 'INFESO - FERRETERIA JOEL', 'RUC', '20493070470', 'AV ANTUNEZ DE MAYOLO', '977 348 098', ''),
(242, 'Cliente', 'CONSTRUCTORA TOCTO SAC', 'RUC', '20603308167', 'JAEN - CAJAMARCA', '963304544', ''),
(243, 'Cliente', 'KEREN LILIBETH OTINIANO QUISPE', 'RUC', '47978895', 'CHAO - VIRU AGENCIA:TRANSP. EL SANTEÑITO EXPRESS', '963308874', ''),
(244, 'Cliente', 'ERVIN CERNA CERCADO', 'RUC', '10275775474', 'CALLE CHILE 943 JOSE LEONARDO ORTIZ - CHICLAYO', '970221255', ''),
(245, 'Cliente', 'HET SINUIRI TIHUAY', 'DNI', '47930703', 'AV.BOLIVAR S/N HUANCARAMA - ANDAHUAYLAS -APURIMAC', '946 657 243', ''),
(246, 'Cliente', 'ROSALES FERNANDEZ WILMER PATRICIO', 'RUC', '10086884971', 'JR LORENZO FARFAN 555 EL TREBOL 1RA ETAPA', '', ''),
(247, 'Cliente', 'ZEGARRA FLORES JUAN ALBERTO', 'RUC', '10099215114', 'CALLE LAS HIEDRAS 801 URB.LAS PALMERAS', '', ''),
(248, 'Cliente', 'MULTISERVICIOS &amp; INVERSIONES MOISES HNOS', 'RUC', '20606915340', 'PJ GONZALES VIGIL S/N MZ X LOTE 2M BARRIO 5 ESQUIN', '', ''),
(249, 'Cliente', 'RICHARD SALAZAR', 'RUC', '10447084827', 'AV INCA ROCA MZ B LOTE 03 TUPAC AMARU INCA', '', ''),
(250, 'Cliente', 'YOEL ROJAS VALDERRAMA', 'RUC', '48162418', 'CURAHUASI - APURIMAC AGENCIA: MARVISUR', '', ''),
(251, 'Cliente', 'LUFARDI PERU SAC', 'RUC', '20606867752', 'AV.TOMASA TTITO CONDEMAYTA #354(FRENTE A SENCICO) WANCHAQ-CUSCO-CUSCO', '971 285 520', ''),
(252, 'Cliente', 'LUCIO PABLO MUÑOZ', 'RUC', '00000017', 'MZ C LOTE 12 COOP. SAN JUAN DE SALINAS', '997 540 066', 'ferreteria.matizados.yola@gmail.com'),
(253, 'Cliente', 'LUIS FERNANDO GUEVARA MEDINA', 'RUC', '10742521376', 'NUEVA CAJAMARCA AGENCIA: SHALOM', '928710178', ''),
(254, 'Cliente', 'ZANAVA PERU SAC', 'RUC', '20607092959', 'CA. SANTA TERESITA NRO 189 P.J SANTA ANA CHICLAYO - LAMBAYEQUE', '962498015', ''),
(255, 'Cliente', 'INDUSTRIAS BRIANTEA SRL', 'RUC', '20208921020', 'JR. HELIO NRO. 5743 URB. INDUSTRIAL INFANTA', '', ''),
(256, 'Cliente', 'YISELA AGUILAR ZAMORA', 'RUC', '10403728271', 'ABANCAY - APURIMAC', '952 654 757', ''),
(257, 'Cliente', 'ROGER AGUILAR ZAMORA', 'DNI', '41806509', 'AV.DIAZ BARCENAS NRO 901 ABANCAY', '976 302 557', ''),
(258, 'Cliente', 'GILMAN BRAVO TRUJILLO', 'DNI', '15607313', 'SINGA', '', ''),
(259, 'Cliente', 'JULIO CESAR OSCCO RIOS', 'DNI', '10423474993', 'MERCADO 3 REGIONES - PUENTE PIEDRA', '901 742 059', ''),
(260, 'Cliente', 'EDWIN CUNO BOLAÑOS', 'DNI', '10432064862', 'BOTICA NIÑO JESUS - OXAPAMPA AGENCIA: ROMAN CARGO EXPRESS RUC:20602439', '971 750 003', ''),
(261, 'Cliente', 'ANA CECILIA CONDOR ZUÑIGA', 'DNI', '45128987', 'PUENTE PIEDRA', '912 486 089', ''),
(262, 'Cliente', 'D. MEJIA CONSULTORES Y CONSTRUCTORA S.R.L.', 'RUC', '20600455207', 'CAL.CESAR VALLEJO NRO. 165 UPS CESAR VALLEJO', '923 016 212', ''),
(263, 'Cliente', 'ANDRES AVELINO MENDOZA CANCHO', 'DNI', '48025663', 'AV LOS LIBERTADORES 660 CARMEN ALTO  HUAMANGA - AYACUCHO', '+51 933 213 084', ''),
(264, 'Cliente', 'ABRAHAM SILVA ALVINES', 'DNI', '02875361', 'CALLE UNION 944 - LA UNION - PIURA', '956 623 981', ''),
(265, 'Cliente', 'ACEVEDO CARRION EBER ROLY', 'RUC', '10724690756', 'CASERIO PARANSHIQUE - HUAMACHUCO -LA LIBERTAD', '959 277 234', ''),
(266, 'Cliente', 'ADELIN ROJAS VASQUEZ', 'DNI', '47638565', 'JAEN CAJAMARCA AGENCIA:SHALOM', '', ''),
(267, 'Cliente', 'ALBAN DAVILA ANTHONY BENJAMIN', 'RUC', '10482528673', 'LIRCAY-HUANCAVELICA', '', ''),
(268, 'Cliente', 'ALBERTO CABALLERO', 'DNI', '000000017', 'PARQUE SOCABAYA  885. BREÑA. Por cda 5 y 6 de Jr. Pedro Ruiz.', '', ''),
(269, 'Cliente', 'JHORDAN MUNARES CCORAHUA', 'RUC', '10468280120', 'AV CHILE CON AV BRASIL NRO 100 APURIMAC ABANCAY', '910 867 874', ''),
(270, 'Cliente', 'ALEX', 'RUC', '00000019', 'HUACHO', '941 105 037', ''),
(271, 'Cliente', 'ALFREDO', 'DNI', '00000020', 'MERCADO 03 DE ENERO PUESTO 249', '936293519', ''),
(272, 'Cliente', 'AM CONSULTORES ASOCIADOS SAC', 'RUC', '20509354261', '20509354261', 'AV.LAS PALMERAS 5720', ''),
(273, 'Cliente', 'ANA LUISA QUISPE CONDORI', 'RUC', '10765289764', 'ANDAHUAYLAS - APURIMAC', '993849598', ''),
(274, 'Cliente', 'ANDY PANDURO', 'RUC', '10743267384', 'AV SANTA ROSA', '', ''),
(275, 'Cliente', 'ANGEL CASTILLO JARAMILLO', 'DNI', '15741369', 'HUACHO', '', ''),
(276, 'Cliente', 'FERRECAT - PAUCARPURA', 'DNI', '00000021', 'C.C. SARITA COLONIA PSTO # B6 - SMP - LIMA', '935 188 816', ''),
(277, 'Cliente', 'ARMANDO TITO', 'DNI', '00000022', 'CALLE TOULON 155 TORRE 2 DPTO 307  AV LA MOLINA - JAVIER PRADO', '918 508 204', ''),
(278, 'Cliente', 'ARQUIÑEGO OCAÑA EMMA URSULA', 'RUC', '10096049256', 'AV UNIVERSITARIA NORTE 247 SMP LIMA', '', ''),
(279, 'Cliente', 'CARLOS VERA VALVERDE', 'RUC', '10448675233', 'URB. GARATEA MZ. 23 LT 1 NUEVO CHIMBOTE /A DOMICILIO', '', ''),
(280, 'Cliente', 'ATAHUALPA TORRES MONICA ALEJANDRINA', 'RUC', '10448869178', 'AV ANGELICA GAMARRA', '', ''),
(281, 'Cliente', 'ATECSA AUTOMOTOR', 'DNI', '00000023', 'PROCERES DE HUANDOY CON 2 DE OCTUBRE - LOS OLIVOS', '', ''),
(282, 'Cliente', 'BARBOZA GARAGUNDO CRISTTIAN', 'RUC', '10468544496', 'LLOCHEGUA-HUANTA - AYACUCHO', '932173826', ''),
(283, 'Cliente', 'BETSAVETH MELGAREJO ARILUZ', 'RUC', '10480332186', 'JR LOZ CLAVELES S/N BAR. LAS PALMERAS - CARAZ', '959929940', ''),
(284, 'Cliente', 'BETSI KARINA CARDENAS ALMEYDA', 'DNI', '75309601', 'VILCASHUAMAN AYACUCHO', '900 522 250', 'bcardenasalmeyda@gmail.com'),
(285, 'Cliente', 'BETTY SANTA MARIA', 'DNI', '00000024', 'MERCADO EL ALAMO TDA. 44A', '', ''),
(286, 'Cliente', 'BLANCA JOVITA BALDEON VARGAS', 'DNI', '00000025', 'AV JOSE GRANDA 3612', '', ''),
(287, 'Cliente', 'REPRESENTACIONES GUERRA', 'RUC', '20516446626', 'JR PACHITA N 373 LIMA LIMA', '998 264 982', 'repre_guerra@hotmail.com'),
(288, 'Cliente', 'JUAN CASTRO ASENJO', 'RUC', '20480377711', 'AV.SACSAHUAMAN 445-PEDRO RUIZ-BONGARA-AMAZONAS', '935 653 723', ''),
(289, 'Cliente', 'EVERT GUILLERMO DE LA CRUZ DIAZ', 'DNI', '77295495', 'CAJAMARCA', '914 940 836', ''),
(290, 'Cliente', 'INMOBILIARIA &amp; FERRETEROS CONSTRUAD SCRL', 'RUC', '20608961446', 'YARINACOCHA - CORONEL PORTILLO -UCAYALI', '', ''),
(291, 'Cliente', 'ERLITA HURTADO DIAZ', 'DNI', '47675072', 'CHOTA - CAJAMARCA', '975 265 253', ''),
(292, 'Cliente', 'TELESISTEMAS IQUITOS E.I.R.L.', 'RUC', '20601783445', 'CAL.SAMANEZ OCAMPO NRO. 669 - IQUITOS', '', ''),
(293, 'Cliente', 'FRANCISCO TADINO', 'DNI', '003819503', 'CALLE LOS LIBERTADORES', '924028075', ''),
(294, 'Cliente', 'PEDRO REGALADO VITE ZETA', 'RUC', '10028702855', 'LA UNION - PIURA', '', ''),
(295, 'Cliente', 'JULIO CESAR BAZALAR RIVERA', 'RUC', '10156105410', 'LOS OLIVOS', '930 940 724', ''),
(296, 'Cliente', 'ROYER DANIEL MANOSALVA CHICOMA', 'DNI', '47907361', 'DIEGO FERRE NRO 572 - JAYANCA - LAMABAYEQUE', '968 321 674', ''),
(297, 'Cliente', 'FERRETERIA FIORELLA', 'RUC', '10315517635', 'AV PERU 2164 SAN MARTIN DE PORRES - LIMA', '992 233 121', ''),
(298, 'Cliente', 'NITZA PAMELA ALARCON IGNACIO', 'DNI', '43642840', 'SAN PEDRO DE MALA - CAÑETE', '992916064', ''),
(299, 'Cliente', 'ROBERTO CARLOS BALDEON HUARICAPCHA', 'RUC', '10458409957', 'YANACANCHA - PASCO', '964 021 465', '');

-- --------------------------------------------------------

--
-- Table structure for table `unidadmedida`
--

CREATE TABLE `unidadmedida` (
  `id` int(11) NOT NULL,
  `indice` varchar(150) NOT NULL,
  `valor` varchar(150) NOT NULL DEFAULT 'unidadmedida',
  `condicion` int(5) NOT NULL DEFAULT 1
) ENGINE=MyISAM DEFAULT CHARSET=utf8 COLLATE=utf8_spanish_ci;

--
-- Dumping data for table `unidadmedida`
--

INSERT INTO `unidadmedida` (`id`, `indice`, `valor`, `condicion`) VALUES
(1, 'X12 PIEZAS', 'unidadmedida', 0),
(2, 'X12 PIEZAS', 'unidadmedida', 0),
(3, 'X12 PIEZAS', 'unidadmedida', 1),
(4, 'X12 PIEZAS', 'unidadmedida', 0),
(5, 'X12 PIEZAS', 'unidadmedida', 0),
(6, 'X12 PIEZAS', 'unidadmedida', 0),
(7, 'X12 PIEZAS', 'unidadmedida', 0),
(8, 'X12 PIEZAS', 'unidadmedida', 0),
(9, 'X12 PIEZAS', 'unidadmedida', 0),
(10, 'X12 PIEZAS', 'unidadmedida', 0),
(13, 'MTS', 'unidadmedida', 1),
(11, 'X6 PIEZAS', 'unidadmedida', 1),
(12, 'X10 PIEZAS', 'unidadmedida', 1),
(14, 'UNID', 'unidadmedida', 1),
(15, 'X100 PIEZAS', 'unidadmedida', 1),
(16, 'Sacos', 'unidadmedida', 1);

-- --------------------------------------------------------

--
-- Table structure for table `usuario`
--

CREATE TABLE `usuario` (
  `idusuario` int(11) NOT NULL,
  `nombre` varchar(150) NOT NULL,
  `tipo_documento` varchar(25) NOT NULL,
  `num_documento` varchar(25) NOT NULL,
  `direccion` varchar(120) DEFAULT NULL,
  `telefono` varchar(25) DEFAULT NULL,
  `email` varchar(55) DEFAULT NULL,
  `cargo` varchar(25) DEFAULT NULL,
  `login` varchar(25) NOT NULL,
  `clave` varchar(64) NOT NULL,
  `imagen` varchar(55) NOT NULL,
  `condicion` tinyint(4) NOT NULL
) ENGINE=InnoDB DEFAULT CHARSET=utf8 COLLATE=utf8_spanish_ci;

--
-- Dumping data for table `usuario`
--

INSERT INTO `usuario` (`idusuario`, `nombre`, `tipo_documento`, `num_documento`, `direccion`, `telefono`, `email`, `cargo`, `login`, `clave`, `imagen`, `condicion`) VALUES
(14, 'MCKENNETH FLORES', 'DNI', '43520957', 'AV LOS NENUFARES 981', '967779769', 'aldosantiniss@gmail.com', 'GERENTE', 'MCKENNETH', '8d969eef6ecad3c29a3a629280e686cf0c3f5d5a86aff3ca12020c923adc6c92', '1678404332.jpg', 1),
(15, 'KATERYN VALDEZ', 'DNI', '004121254', '', '942189613', 'katerynv13@gmail.com', 'VENTAS', 'KATERYN', '8d969eef6ecad3c29a3a629280e686cf0c3f5d5a86aff3ca12020c923adc6c92', '', 1),
(16, 'GISSELLE SANTINI', 'DNI', '48127291', '', '981116573', 'andreasantinisa@gmail.com', 'ADMINISTRADOR', 'GISSELLE', '8d969eef6ecad3c29a3a629280e686cf0c3f5d5a86aff3ca12020c923adc6c92', '', 1);

-- --------------------------------------------------------

--
-- Table structure for table `usuario_permiso`
--

CREATE TABLE `usuario_permiso` (
  `idusuario_permiso` int(11) NOT NULL,
  `idusuario` int(11) NOT NULL,
  `idpermiso` int(11) NOT NULL
) ENGINE=InnoDB DEFAULT CHARSET=utf8 COLLATE=utf8_spanish_ci;

--
-- Dumping data for table `usuario_permiso`
--

INSERT INTO `usuario_permiso` (`idusuario_permiso`, `idusuario`, `idpermiso`) VALUES
(20, 15, 4),
(54, 15, 1),
(55, 15, 2),
(56, 15, 3),
(57, 15, 4),
(58, 15, 6),
(59, 15, 7),
(60, 15, 8),
(61, 15, 9),
(62, 15, 10),
(63, 15, 11),
(64, 16, 1),
(65, 16, 2),
(66, 16, 3),
(67, 16, 4),
(68, 16, 5),
(69, 16, 6),
(70, 16, 7),
(71, 16, 8),
(72, 16, 9),
(73, 16, 10),
(74, 16, 11),
(75, 14, 1),
(76, 14, 2),
(77, 14, 3),
(78, 14, 4),
(79, 14, 5),
(80, 14, 6),
(81, 14, 7),
(82, 14, 8),
(83, 14, 9),
(84, 14, 10),
(85, 14, 11);

-- --------------------------------------------------------

--
-- Table structure for table `valores`
--

CREATE TABLE `valores` (
  `idvalores` bigint(20) NOT NULL,
  `nombre` varchar(100) NOT NULL,
  `valor` varchar(50) NOT NULL,
  `orden` varchar(25) NOT NULL
) ENGINE=InnoDB DEFAULT CHARSET=utf8mb4 COLLATE=utf8mb4_swedish_ci;

--
-- Dumping data for table `valores`
--

INSERT INTO `valores` (`idvalores`, `nombre`, `valor`, `orden`) VALUES
(1, 'Contacto', 'TYPE_USER', '1'),
(2, 'Vendedor', 'TYPE_USER', '2');

-- --------------------------------------------------------

--
-- Table structure for table `venta`
--

CREATE TABLE `venta` (
  `idventa` int(11) NOT NULL,
  `idcliente` int(11) NOT NULL,
  `idusuario` int(11) NOT NULL,
  `tipo_comprobante` varchar(25) NOT NULL,
  `serie_comprobante` varchar(12) DEFAULT NULL,
  `num_comprobante` varchar(15) NOT NULL,
  `fecha_hora` datetime NOT NULL,
  `impuesto` decimal(4,2) NOT NULL,
  `subtotal` decimal(11,2) NOT NULL,
  `igv` decimal(11,2) NOT NULL,
  `total_venta` decimal(11,2) NOT NULL,
  `estado` varchar(25) NOT NULL,
  `tipomoneda` varchar(30) NOT NULL,
  `idvendedor` int(11) NOT NULL
) ENGINE=InnoDB DEFAULT CHARSET=utf8 COLLATE=utf8_spanish_ci;

--
-- Indexes for dumped tables
--

--
-- Indexes for table `articulo`
--
ALTER TABLE `articulo`
  ADD PRIMARY KEY (`idarticulo`),
  ADD UNIQUE KEY `nombre_UNIQUE` (`nombre`),
  ADD KEY `fk_articulo_categoria_idx` (`idcategoria`);

--
-- Indexes for table `categoria`
--
ALTER TABLE `categoria`
  ADD PRIMARY KEY (`idcategoria`),
  ADD UNIQUE KEY `nombre_UNIQUE` (`nombre`);

--
-- Indexes for table `contacto`
--
ALTER TABLE `contacto`
  ADD PRIMARY KEY (`idcontacto`) USING BTREE;

--
-- Indexes for table `cotizacion`
--
ALTER TABLE `cotizacion`
  ADD PRIMARY KEY (`idcotizacion`) USING BTREE,
  ADD KEY `fk_venta_persona_idx` (`idcliente`),
  ADD KEY `fk_venta_usuario_idx` (`idusuario`);

--
-- Indexes for table `detalle_cotizacion`
--
ALTER TABLE `detalle_cotizacion`
  ADD PRIMARY KEY (`iddetalle_cotizacion`) USING BTREE,
  ADD KEY `fk_detalle_cotizacion_cotizacion_idx` (`idcotizacion`) USING BTREE,
  ADD KEY `fk_detalle_cotizacion_articulo_idx` (`idarticulo`) USING BTREE;

--
-- Indexes for table `detalle_ingreso`
--
ALTER TABLE `detalle_ingreso`
  ADD PRIMARY KEY (`iddetalle_ingreso`),
  ADD KEY `fk_detalle_ingreso_ingreso_idx` (`idingreso`),
  ADD KEY `fk_detalle_ingreso_articulo_idx` (`idarticulo`);

--
-- Indexes for table `detalle_venta`
--
ALTER TABLE `detalle_venta`
  ADD PRIMARY KEY (`iddetalle_venta`),
  ADD KEY `fk_detalle_venta_venta_idx` (`idventa`),
  ADD KEY `fk_detalle_venta_articulo_idx` (`idarticulo`);

--
-- Indexes for table `ingreso`
--
ALTER TABLE `ingreso`
  ADD PRIMARY KEY (`idingreso`),
  ADD KEY `fk_ingreso_persona_idx` (`idproveedor`),
  ADD KEY `fk_ingreso_usuario_idx` (`idusuario`);

--
-- Indexes for table `permiso`
--
ALTER TABLE `permiso`
  ADD PRIMARY KEY (`idpermiso`);

--
-- Indexes for table `persona`
--
ALTER TABLE `persona`
  ADD PRIMARY KEY (`idpersona`);

--
-- Indexes for table `unidadmedida`
--
ALTER TABLE `unidadmedida`
  ADD PRIMARY KEY (`id`);

--
-- Indexes for table `usuario`
--
ALTER TABLE `usuario`
  ADD PRIMARY KEY (`idusuario`),
  ADD UNIQUE KEY `login_UNIQUE` (`login`);

--
-- Indexes for table `usuario_permiso`
--
ALTER TABLE `usuario_permiso`
  ADD PRIMARY KEY (`idusuario_permiso`),
  ADD KEY `fk_usuario_permiso_usuario_idx` (`idusuario`),
  ADD KEY `fk_usuario_permiso_permiso_idx` (`idpermiso`);

--
-- Indexes for table `valores`
--
ALTER TABLE `valores`
  ADD PRIMARY KEY (`idvalores`);

--
-- Indexes for table `venta`
--
ALTER TABLE `venta`
  ADD PRIMARY KEY (`idventa`),
  ADD KEY `fk_venta_persona_idx` (`idcliente`),
  ADD KEY `fk_venta_usuario_idx` (`idusuario`);

--
-- AUTO_INCREMENT for dumped tables
--

--
-- AUTO_INCREMENT for table `articulo`
--
ALTER TABLE `articulo`
  MODIFY `idarticulo` int(11) NOT NULL AUTO_INCREMENT;

--
-- AUTO_INCREMENT for table `categoria`
--
ALTER TABLE `categoria`
  MODIFY `idcategoria` int(11) NOT NULL AUTO_INCREMENT, AUTO_INCREMENT=2;

--
-- AUTO_INCREMENT for table `contacto`
--
ALTER TABLE `contacto`
  MODIFY `idcontacto` int(11) NOT NULL AUTO_INCREMENT, AUTO_INCREMENT=8;

--
-- AUTO_INCREMENT for table `cotizacion`
--
ALTER TABLE `cotizacion`
  MODIFY `idcotizacion` int(11) NOT NULL AUTO_INCREMENT, AUTO_INCREMENT=2;

--
-- AUTO_INCREMENT for table `detalle_cotizacion`
--
ALTER TABLE `detalle_cotizacion`
  MODIFY `iddetalle_cotizacion` int(11) NOT NULL AUTO_INCREMENT;

--
-- AUTO_INCREMENT for table `detalle_ingreso`
--
ALTER TABLE `detalle_ingreso`
  MODIFY `iddetalle_ingreso` int(11) NOT NULL AUTO_INCREMENT;

--
-- AUTO_INCREMENT for table `detalle_venta`
--
ALTER TABLE `detalle_venta`
  MODIFY `iddetalle_venta` int(11) NOT NULL AUTO_INCREMENT;

--
-- AUTO_INCREMENT for table `ingreso`
--
ALTER TABLE `ingreso`
  MODIFY `idingreso` int(11) NOT NULL AUTO_INCREMENT;

--
-- AUTO_INCREMENT for table `permiso`
--
ALTER TABLE `permiso`
  MODIFY `idpermiso` int(11) NOT NULL AUTO_INCREMENT, AUTO_INCREMENT=12;

--
-- AUTO_INCREMENT for table `persona`
--
ALTER TABLE `persona`
  MODIFY `idpersona` int(11) NOT NULL AUTO_INCREMENT, AUTO_INCREMENT=300;

--
-- AUTO_INCREMENT for table `unidadmedida`
--
ALTER TABLE `unidadmedida`
  MODIFY `id` int(11) NOT NULL AUTO_INCREMENT, AUTO_INCREMENT=17;

--
-- AUTO_INCREMENT for table `usuario`
--
ALTER TABLE `usuario`
  MODIFY `idusuario` int(11) NOT NULL AUTO_INCREMENT, AUTO_INCREMENT=17;

--
-- AUTO_INCREMENT for table `usuario_permiso`
--
ALTER TABLE `usuario_permiso`
  MODIFY `idusuario_permiso` int(11) NOT NULL AUTO_INCREMENT, AUTO_INCREMENT=86;

--
-- AUTO_INCREMENT for table `valores`
--
ALTER TABLE `valores`
  MODIFY `idvalores` bigint(20) NOT NULL AUTO_INCREMENT, AUTO_INCREMENT=3;

--
-- AUTO_INCREMENT for table `venta`
--
ALTER TABLE `venta`
  MODIFY `idventa` int(11) NOT NULL AUTO_INCREMENT;

--
-- Constraints for dumped tables
--

--
-- Constraints for table `articulo`
--
ALTER TABLE `articulo`
  ADD CONSTRAINT `fk_articulo_categoria` FOREIGN KEY (`idcategoria`) REFERENCES `categoria` (`idcategoria`) ON DELETE NO ACTION ON UPDATE NO ACTION;

--
-- Constraints for table `cotizacion`
--
ALTER TABLE `cotizacion`
  ADD CONSTRAINT `cotizacion_ibfk_1` FOREIGN KEY (`idcliente`) REFERENCES `persona` (`idpersona`) ON DELETE NO ACTION ON UPDATE NO ACTION,
  ADD CONSTRAINT `cotizacion_ibfk_2` FOREIGN KEY (`idusuario`) REFERENCES `usuario` (`idusuario`) ON DELETE NO ACTION ON UPDATE NO ACTION;

--
-- Constraints for table `venta`
--
ALTER TABLE `venta`
  ADD CONSTRAINT `fk_venta_persona` FOREIGN KEY (`idcliente`) REFERENCES `persona` (`idpersona`) ON DELETE NO ACTION ON UPDATE NO ACTION,
  ADD CONSTRAINT `fk_venta_usuario` FOREIGN KEY (`idusuario`) REFERENCES `usuario` (`idusuario`) ON DELETE NO ACTION ON UPDATE NO ACTION;
COMMIT;

/*!40101 SET CHARACTER_SET_CLIENT=@OLD_CHARACTER_SET_CLIENT */;
/*!40101 SET CHARACTER_SET_RESULTS=@OLD_CHARACTER_SET_RESULTS */;
/*!40101 SET COLLATION_CONNECTION=@OLD_COLLATION_CONNECTION */;
